-- =============================================================================
-- Seed data for base reference tables
--
-- This file contains INSERT statements for foundational lookup/reference tables
-- that the application depends on. These are static data rows that should exist
-- in every environment (development, staging, production).
--
-- Insert order respects foreign key constraints:
--   1. cities
--   2. universities          (references cities)
--   3. university_email_domains (references universities)
--   4. products              (no FK dependencies on above, but logically last)
--
-- All statements use ON CONFLICT (id) DO NOTHING for idempotent re-runs.
-- =============================================================================

-- -----------------------------------------------------------------------------
-- 1. cities (19 rows)
-- -----------------------------------------------------------------------------
INSERT INTO cities (id, name, slug) VALUES
  ('7139b684-bade-40bb-a4b5-720d399950fc', '南投', 'nantou'),
  ('c3e02d08-970d-4fcf-82c5-69a86f69e872', '嘉義', 'chiayi'),
  ('eca7e39a-d782-4504-8b98-63057351ab62', '基隆', 'keelung'),
  ('7d7f977f-6e87-4330-a3b5-52c7898c105c', '宜蘭', 'yilan'),
  ('695ee093-b887-4b6a-a90e-56b7e9a100aa', '屏東', 'pingtung'),
  ('80466424-e877-4608-b0a2-1c8b4247b047', '彰化', 'changhua'),
  ('3d221404-0590-4cca-b553-1ab890f31267', '新竹', 'hsinchu'),
  ('2e3dfbb9-8c2a-4098-8c09-9213f55de6fc', '桃園', 'taoyuan'),
  ('28df972e-57e7-4dba-9dce-231262d18839', '澎湖', 'penghu'),
  ('3bc5798e-933e-4d46-a819-05f3fa060077', '臺中', 'taichung'),
  ('2e7c8bc4-232b-4423-9526-002fc27ed1d3', '臺北', 'taipei'),
  ('33a466b3-6d0b-4cd6-b197-9eaba2101853', '臺南', 'tainan'),
  ('f2b5d0af-989d-4db3-8a72-6e83f3df021c', '臺東', 'taitung'),
  ('9dc55593-97f3-41ca-a4e1-fc2523244a16', '花蓮', 'hualien'),
  ('e66487d6-0f13-4504-9f24-453dc2e3dd15', '苗栗', 'miaoli'),
  ('c77c9204-17f5-48a3-8ee7-8e89e005b024', '金門', 'kinmen'),
  ('99cc0da5-da5e-4123-9db3-5a43dc59d8f2', '雲林', 'yunlin'),
  ('7ca84b88-0720-4729-9c42-62f4224d0fbd', '馬祖', 'matsu'),
  ('72cbb430-f015-41b1-970a-86297bf3c904', '高雄', 'kaohsiung')
ON CONFLICT (id) DO NOTHING;

-- -----------------------------------------------------------------------------
-- 2. universities (149 rows)
-- -----------------------------------------------------------------------------
INSERT INTO universities (id, city_id, name, short_name, slug, code, academic_rank) VALUES
  ('9878eccb-303b-440e-b971-1fc474598938', '72cbb430-f015-41b1-970a-86297bf3c904', '一貫道天皇學院', NULL, 'iktc', '1R04', 147),
  ('a340b7a4-42aa-45f9-944e-a1b184e77795', '7139b684-bade-40bb-a4b5-720d399950fc', '一貫道崇德學院', NULL, 'iktcds', '1R06', 146),
  ('e0337c2d-3ed5-4918-953f-ce46bd5658c2', '2e7c8bc4-232b-4423-9526-002fc27ed1d3', '世新大學', NULL, 'shu', '1015', 42),
  ('0333cf30-c968-46e6-a39c-20498d1097e8', '33a466b3-6d0b-4cd6-b197-9eaba2101853', '中信科技大學', NULL, 'ctbctech', '1052', 115),
  ('6ce53ec1-7ac2-486b-b39a-540e0e4e0012', '33a466b3-6d0b-4cd6-b197-9eaba2101853', '中信金融管理學院', NULL, 'ctbc', '1125', 114),
  ('2adfc873-995e-4d74-964f-d8c39ff9652d', '2e3dfbb9-8c2a-4098-8c09-9213f55de6fc', '中原大學', NULL, 'cycu', '1004', 33),
  ('9a66a4ca-269a-47a3-9124-c575efd2d8dc', '2e7c8bc4-232b-4423-9526-002fc27ed1d3', '中國文化大學', NULL, 'pccu', '1006', 50),
  ('70eaebcf-8f48-4725-8c72-815b1ad2d21c', '2e7c8bc4-232b-4423-9526-002fc27ed1d3', '中國科技大學', NULL, 'cute', '1046', 81),
  ('2f75b04a-1462-4b6d-91af-a036702e39d5', '3bc5798e-933e-4d46-a819-05f3fa060077', '中國醫藥大學', NULL, 'cmu', '1035', 22),
  ('aa049932-849b-4bab-83de-284721ae06e9', '3bc5798e-933e-4d46-a819-05f3fa060077', '中山醫學大學', NULL, 'csmu', '1029', 21),
  ('e4baf4c5-8984-4826-a172-9da85aad4eda', '3bc5798e-933e-4d46-a819-05f3fa060077', '中臺科技大學', NULL, 'ctust', '1047', 80),
  ('4ae33cf1-0561-4668-919b-36165f8c0a85', '3d221404-0590-4cca-b553-1ab890f31267', '中華大學', NULL, 'chu', '1011', 112),
  ('55472da0-421d-4df7-8a65-6458d6a6222c', '2e7c8bc4-232b-4423-9526-002fc27ed1d3', '中華科技大學', NULL, 'cust', '1061', 96),
  ('18fa5c1d-de3a-4165-a8cc-ab8368817ce4', '33a466b3-6d0b-4cd6-b197-9eaba2101853', '中華醫事科技大學', NULL, 'hwai', '1055', 87),
  ('c3e02ec3-9211-4053-bbf2-d2ffcc4ce11b', '2e7c8bc4-232b-4423-9526-002fc27ed1d3', '亞東科技大學', NULL, 'aeust', '1084', 77),
  ('da5d4459-41ed-4d9c-b10a-a1f098eb5f3e', '3bc5798e-933e-4d46-a819-05f3fa060077', '亞洲大學', NULL, 'asia', '1048', 63),
  ('010989ca-b69e-46b4-996f-436012bde2ca', 'e66487d6-0f13-4504-9f24-453dc2e3dd15', '仁德醫護管理專科學校', NULL, 'jente', '1283', 130),
  ('9fab130f-5672-4ab9-8b42-8529f03c7289', '7d7f977f-6e87-4330-a3b5-52c7898c105c', '佛光大學', NULL, 'fgu', '1050', 106),
  ('a649e73c-e76f-4189-9681-3543eeda0743', '3bc5798e-933e-4d46-a819-05f3fa060077', '修平科技大學', NULL, 'hust', '1069', 97),
  ('cfae151c-25d2-4765-b44e-f587e8b8259e', '2e3dfbb9-8c2a-4098-8c09-9213f55de6fc', '健行科技大學', NULL, 'uch', '1036', 75),
  ('79057a86-919e-4caf-84cb-34e59924e53f', '3bc5798e-933e-4d46-a819-05f3fa060077', '僑光科技大學', NULL, 'ocu', '1062', 83),
  ('f2afa3cd-fde5-4321-b59a-89db065f17cf', '3d221404-0590-4cca-b553-1ab890f31267', '元培醫事科技大學', NULL, 'ypu', '1053', 88),
  ('6fda648e-7b39-4c6d-98ac-a8a81b6e3d22', '2e3dfbb9-8c2a-4098-8c09-9213f55de6fc', '元智大學', NULL, 'yzu', '1010', 29),
  ('c78ef57a-0427-4e1e-bad6-b46413ca2c07', '2e3dfbb9-8c2a-4098-8c09-9213f55de6fc', '南亞技術學院', NULL, 'nanya', '1168', 101),
  ('8e067470-246c-433d-80a5-fb0f52177d97', '33a466b3-6d0b-4cd6-b197-9eaba2101853', '南臺科技大學', NULL, 'stust', '1023', 68),
  ('bc2ce936-411f-497e-9483-7478aa929c76', 'c3e02d08-970d-4fcf-82c5-69a86f69e872', '南華大學', NULL, 'nhu', '1020', 107),
  ('74181541-6e61-44fd-91a8-e01eb9e1fbd4', '7139b684-bade-40bb-a4b5-720d399950fc', '南開科技大學', NULL, 'nkut', '1060', 99),
  ('a7dfa519-6850-46ae-93b9-2c14b901b579', '2e7c8bc4-232b-4423-9526-002fc27ed1d3', '台北海洋科技大學', NULL, 'tumt', '1083', 102),
  ('87ce96f7-aa26-41d9-8878-b887b338c8cd', '33a466b3-6d0b-4cd6-b197-9eaba2101853', '台南應用科技大學', NULL, 'tut', '1051', 103),
  ('934a3b94-2112-4f9f-bdbc-33b38f4a0792', '33a466b3-6d0b-4cd6-b197-9eaba2101853', '台灣基督長老教會南神神學院', NULL, 'ttcs', '1R07', 143),
  ('66929be3-f264-4226-9461-d8ea35732070', '2e7c8bc4-232b-4423-9526-002fc27ed1d3', '台灣神學研究學院', NULL, 'tgst', '1R05', 142),
  ('3cb01e27-22dd-4533-ae2c-0055fdbb72e5', '72cbb430-f015-41b1-970a-86297bf3c904', '台鋼科技大學', NULL, 'tsust', '1042', 116),
  ('a59343a7-6a46-4687-ae3c-539470a62e20', 'c3e02d08-970d-4fcf-82c5-69a86f69e872', '吳鳳科技大學', NULL, 'wfu', '1065', 100),
  ('6be291df-947d-4f25-959e-a8d3212552a6', '7139b684-bade-40bb-a4b5-720d399950fc', '唯心聖教學院', NULL, 'wxsjc', '1R09', 145),
  ('b6380ac2-9bd7-4b5e-91f1-ed1ab61e5a65', '33a466b3-6d0b-4cd6-b197-9eaba2101853', '嘉南藥理大學', NULL, 'cnu', '1025', 64),
  ('de24997a-d9cd-4296-961d-2ee372e4ee56', '2e3dfbb9-8c2a-4098-8c09-9213f55de6fc', '國立中央大學', NULL, 'ncu', '8', 6),
  ('2c321445-c4b5-4319-ac45-5a67f86f6384', '72cbb430-f015-41b1-970a-86297bf3c904', '國立中山大學', NULL, 'nsysu', '9', 7),
  ('6fdda64d-7f58-41e7-a05c-563c413831b8', 'c3e02d08-970d-4fcf-82c5-69a86f69e872', '國立中正大學', NULL, 'ccu', '13', 9),
  ('0b93dfcc-83e8-4fcc-8496-922a18620370', '3bc5798e-933e-4d46-a819-05f3fa060077', '國立中興大學', NULL, 'nchu', '6', 8),
  ('c79680b8-9a36-4fe4-99db-181368b6924e', '3bc5798e-933e-4d46-a819-05f3fa060077', '國立勤益科技大學', NULL, 'ncut', '43', 55),
  ('67efb218-b295-40c6-adac-7aa5edb4ae79', 'c3e02d08-970d-4fcf-82c5-69a86f69e872', '國立嘉義大學', NULL, 'ncyu', '18', 26),
  ('437df259-769f-41a7-a1df-474a07e838c0', '7d7f977f-6e87-4330-a3b5-52c7898c105c', '國立宜蘭大學', NULL, 'niu', '31', 38),
  ('b8dae577-2db3-4ce4-a6f8-07f34243235e', '695ee093-b887-4b6a-a90e-56b7e9a100aa', '國立屏東大學', NULL, 'nptu', '52', 47),
  ('5dec3514-9674-4afc-98e7-03bc4ba2e09c', '695ee093-b887-4b6a-a90e-56b7e9a100aa', '國立屏東科技大學', NULL, 'npust', '24', 57),
  ('6a3cde70-f4a1-47e8-bede-f37e9e8cebda', '80466424-e877-4608-b0a2-1c8b4247b047', '國立彰化師範大學', NULL, 'ncue', '15', 17),
  ('57864e0a-4a43-421a-9c66-46f66ff6ecae', '33a466b3-6d0b-4cd6-b197-9eaba2101853', '國立成功大學', NULL, 'ncku', '5', 4),
  ('325945fb-6aad-49d3-a6f0-d2c13f4019bb', '2e7c8bc4-232b-4423-9526-002fc27ed1d3', '國立政治大學', NULL, 'nccu', '1', 5),
  ('ef1d66b0-9c56-49cd-be4f-ee95a074da55', '7139b684-bade-40bb-a4b5-720d399950fc', '國立暨南國際大學', NULL, 'ncnu', '21', 31),
  ('983e15a2-9f2f-46a0-991b-21a64ee513ac', '9dc55593-97f3-41ca-a4e1-fc2523244a16', '國立東華大學', NULL, 'ndhu', '20', 24),
  ('1105a739-0dae-4cd7-b15f-cd247b24bc85', '3d221404-0590-4cca-b553-1ab890f31267', '國立清華大學', NULL, 'nthu', '2', 3),
  ('aba361a1-4bd4-4e51-99d2-a0568305e00e', '28df972e-57e7-4dba-9dce-231262d18839', '國立澎湖科技大學', NULL, 'npu', '42', 119),
  ('4a8e61f0-2090-49e1-88e3-ac662c538a2c', '2e7c8bc4-232b-4423-9526-002fc27ed1d3', '國立空中大學', NULL, 'nou', '0A01', 125),
  ('a27f9935-cbe8-4518-899c-142147783ba6', 'e66487d6-0f13-4504-9f24-453dc2e3dd15', '國立聯合大學', NULL, 'nuu', '32', 45),
  ('bf8b6c85-68c0-4d4b-8fea-5dadda2d8e62', '3bc5798e-933e-4d46-a819-05f3fa060077', '國立臺中教育大學', NULL, 'ntcu', '39', 34),
  ('e390a9ff-6d10-452c-8793-049cf1558118', '3bc5798e-933e-4d46-a819-05f3fa060077', '國立臺中科技大學', NULL, 'nutc', '50', 60),
  ('b156afbb-700c-4845-ab2f-dd24461a4b33', '2e7c8bc4-232b-4423-9526-002fc27ed1d3', '國立臺北商業大學', NULL, 'ntub', '51', 37),
  ('08e4135c-4016-4f49-adb3-f437ee91953d', '2e7c8bc4-232b-4423-9526-002fc27ed1d3', '國立臺北大學', NULL, 'ntpu', '17', 12),
  ('18476774-edb7-4bef-b2a9-1a258036bd2a', '2e7c8bc4-232b-4423-9526-002fc27ed1d3', '國立臺北教育大學', NULL, 'ntue', '37', 19),
  ('32c05ae4-61a5-49d8-b872-198a534f70dd', '2e7c8bc4-232b-4423-9526-002fc27ed1d3', '國立臺北科技大學', NULL, 'ntut', '25', 13),
  ('ea89b4e7-0df2-4c61-9db3-57424b21673c', '2e7c8bc4-232b-4423-9526-002fc27ed1d3', '國立臺北藝術大學', NULL, 'tnua', '28', 58),
  ('32ed7c81-8c37-4461-baa4-a2b53c5bdee1', '2e7c8bc4-232b-4423-9526-002fc27ed1d3', '國立臺北護理健康大學', NULL, 'ntunhs', '46', 59),
  ('9a9ea759-1a65-4624-a034-715417ed985b', '33a466b3-6d0b-4cd6-b197-9eaba2101853', '國立臺南大學', NULL, 'nutn', '36', 39),
  ('b6dac6b2-5e4c-4f88-b1ad-4330f1dac003', '33a466b3-6d0b-4cd6-b197-9eaba2101853', '國立臺南藝術大學', NULL, 'tnnua', '35', 43),
  ('c60958fb-ac71-4fc0-8892-df939ab20cf1', '33a466b3-6d0b-4cd6-b197-9eaba2101853', '國立臺南護理專科學校', NULL, 'ntin', '221', 123),
  ('5cc4c054-b1b2-4b7c-9ffc-889cd7b1e565', 'f2b5d0af-989d-4db3-8a72-6e83f3df021c', '國立臺東大學', NULL, 'nttu', '30', 49),
  ('e9d05ab2-26a1-48f0-b8c7-f1ed9509a8ef', 'f2b5d0af-989d-4db3-8a72-6e83f3df021c', '國立臺東專科學校', NULL, 'ntc', '222', 124),
  ('1d941b0a-0ff3-42b5-8702-f9b0b3c2be76', '2e7c8bc4-232b-4423-9526-002fc27ed1d3', '國立臺灣大學', NULL, 'ntu', '3', 1),
  ('3bdcb188-64e2-4bd3-9e42-37ce18b0ce4b', '2e7c8bc4-232b-4423-9526-002fc27ed1d3', '國立臺灣師範大學', NULL, 'ntnu', '4', 11),
  ('031d1d77-a3f7-40c7-a42f-0c7c7a3bef62', '2e7c8bc4-232b-4423-9526-002fc27ed1d3', '國立臺灣戲曲學院', NULL, 'tcpa', '144', 122),
  ('6c38d241-1fa1-4641-b02d-6ab5b29502ad', 'eca7e39a-d782-4504-8b98-63057351ab62', '國立臺灣海洋大學', NULL, 'ntou', '12', 16),
  ('f9c76427-6361-4c34-a291-445760f871b0', '2e7c8bc4-232b-4423-9526-002fc27ed1d3', '國立臺灣科技大學', NULL, 'ntust', '22', 10),
  ('b03eeb85-1d76-42d6-81c6-64a1efe213c3', '2e7c8bc4-232b-4423-9526-002fc27ed1d3', '國立臺灣藝術大學', NULL, 'ntua', '29', 23),
  ('507be3ae-aa7c-4c5e-b128-0440773652ed', '3bc5798e-933e-4d46-a819-05f3fa060077', '國立臺灣體育運動大學', NULL, 'ntus', '49', 120),
  ('7d999950-1b4f-41fc-943f-b31158628e97', '99cc0da5-da5e-4123-9db3-5a43dc59d8f2', '國立虎尾科技大學', NULL, 'nfu', '33', 53),
  ('1f901217-99d4-4d2c-8d4f-ac20d4c23097', 'c77c9204-17f5-48a3-8ee7-8e89e005b024', '國立金門大學', NULL, 'nqu', '48', 51),
  ('f1588456-3ec1-48e9-86be-db92030d9b0f', '3d221404-0590-4cca-b553-1ab890f31267', '國立陽明交通大學', NULL, 'nycu', '7', 2),
  ('5c4fc823-ac1b-4cbc-9b6b-807de2cfd2ee', '99cc0da5-da5e-4123-9db3-5a43dc59d8f2', '國立雲林科技大學', NULL, 'yuntech', '23', 32),
  ('e9057778-863a-41a3-8a49-9dac0418bea3', '2e3dfbb9-8c2a-4098-8c09-9213f55de6fc', '國立體育大學', NULL, 'ntsu', '44', 121),
  ('4ba79d22-c439-437c-a4a1-65951ecdf2a2', '72cbb430-f015-41b1-970a-86297bf3c904', '國立高雄大學', NULL, 'nuk', '19', 18),
  ('a54bcad0-c16d-41d4-859c-57155dee16ed', '72cbb430-f015-41b1-970a-86297bf3c904', '國立高雄師範大學', NULL, 'nknu', '14', 30),
  ('1730b794-2705-4349-986d-7c92c00535b9', '72cbb430-f015-41b1-970a-86297bf3c904', '國立高雄科技大學', NULL, 'nkust', '53', 41),
  ('9a484bd3-7a02-41d1-8c78-44f1f77be6be', '72cbb430-f015-41b1-970a-86297bf3c904', '國立高雄餐旅大學', NULL, 'nkuht', '47', 118),
  ('35562818-8052-4d3f-b304-224a7f319a74', '2e7c8bc4-232b-4423-9526-002fc27ed1d3', '基督教台灣浸會神學院', NULL, 'tbts', '1R02', 144),
  ('fbc36f8c-25c7-48ee-bbd2-5cbe4ac2e63d', '695ee093-b887-4b6a-a90e-56b7e9a100aa', '大仁科技大學', NULL, 'tajen', '1043', 90),
  ('4050d91c-1fca-420b-9d08-71b86c1a89dd', '2e7c8bc4-232b-4423-9526-002fc27ed1d3', '大同大學', NULL, 'ttu', '1022', 54),
  ('45229a51-2e94-4b46-ade2-869f54db00f0', '9dc55593-97f3-41ca-a4e1-fc2523244a16', '大漢技術學院', NULL, 'dahan', '1148', 148),
  ('84bc61af-1390-4ee0-9d85-5c360cbd1570', '80466424-e877-4608-b0a2-1c8b4247b047', '大葉大學', NULL, 'dyu', '1012', 65),
  ('657918aa-e110-4e00-8637-6d66537963c3', '2e7c8bc4-232b-4423-9526-002fc27ed1d3', '宏國德霖科技大學', NULL, 'hdut', '1080', 92),
  ('75591230-d083-4010-9291-a3afc857affb', '2e7c8bc4-232b-4423-9526-002fc27ed1d3', '實踐大學', NULL, 'usc', '1017', 52),
  ('8c7b4979-c359-4716-83a7-e9f356ed9935', 'c3e02d08-970d-4fcf-82c5-69a86f69e872', '崇仁醫護管理專科學校', NULL, 'cjc', '1293', 131),
  ('4c1e23e4-51c1-4ebc-9ba1-edef7cf860f6', 'eca7e39a-d782-4504-8b98-63057351ab62', '崇右影藝科技大學', NULL, 'cufa', '1082', 104),
  ('a49f0ac2-0175-4a8a-a321-a5ea98a9366f', '33a466b3-6d0b-4cd6-b197-9eaba2101853', '崑山科技大學', NULL, 'ksu', '1024', 72),
  ('956db37b-6610-4261-ba51-28f0a1c1d916', '3bc5798e-933e-4d46-a819-05f3fa060077', '嶺東科技大學', NULL, 'ltu', '1045', 84),
  ('17552e22-211c-4fc8-9ed3-9ecce665ac2f', '2e7c8bc4-232b-4423-9526-002fc27ed1d3', '康寧大學', NULL, 'ukn', '1079', 113),
  ('41e29701-cdf6-40fa-9f1c-213722272d3c', '80466424-e877-4608-b0a2-1c8b4247b047', '建國科技大學', NULL, 'ctu', '1040', 98),
  ('c727bb76-8905-4c45-baab-c8920f18b282', '3bc5798e-933e-4d46-a819-05f3fa060077', '弘光科技大學', NULL, 'hk', '1034', 85),
  ('c98201fa-6127-4789-ba2f-38851a7a2e5d', '2e7c8bc4-232b-4423-9526-002fc27ed1d3', '德明財經科技大學', NULL, 'takming', '1057', 71),
  ('1c8cb358-1196-4154-8f8d-43801a05ec16', 'eca7e39a-d782-4504-8b98-63057351ab62', '德育護理健康學院', NULL, 'dyhu', '1185', 129),
  ('e46ec4d9-d73b-44ef-adb3-8a3007cfec19', '695ee093-b887-4b6a-a90e-56b7e9a100aa', '慈惠醫護管理專科學校', NULL, 'tzuhui', '1285', 132),
  ('8a24fd18-5fcb-4999-9c81-e03a77f6973c', '9dc55593-97f3-41ca-a4e1-fc2523244a16', '慈濟大學', NULL, 'tcu', '1027', 46),
  ('911292a0-cabf-44fd-ad0e-598239f27088', '3d221404-0590-4cca-b553-1ab890f31267', '敏實科技大學', NULL, 'mitust', '1072', 117),
  ('3737dfe6-97ab-46a7-9606-8eafeaf0f6cf', '33a466b3-6d0b-4cd6-b197-9eaba2101853', '敏惠醫護管理專科學校', NULL, 'mhchcm', '1287', 133),
  ('1aadfd2d-9d18-4eae-9e28-77cdc6f9096c', '72cbb430-f015-41b1-970a-86297bf3c904', '文藻外語大學', NULL, 'wzu', '1075', 61),
  ('001d4904-7add-4b13-92e4-2f61ee3640b5', '2e3dfbb9-8c2a-4098-8c09-9213f55de6fc', '新生醫護管理專科學校', NULL, 'hsc', '1292', 134),
  ('a6fa8a63-d29f-4230-bb06-a5cce3151810', '2e7c8bc4-232b-4423-9526-002fc27ed1d3', '明志科技大學', NULL, 'mcut', '1041', 66),
  ('5021b358-cd50-4515-9932-fedbfba910b0', '3d221404-0590-4cca-b553-1ab890f31267', '明新科技大學', NULL, 'must', '1032', 76),
  ('196aab79-ad79-421d-a162-a549b63d9955', '2e7c8bc4-232b-4423-9526-002fc27ed1d3', '景文科技大學', NULL, 'just', '1054', 79),
  ('e0576701-5605-4e7c-88b7-af6edc2f1869', '3bc5798e-933e-4d46-a819-05f3fa060077', '朝陽科技大學', NULL, 'cyut', '1018', 67),
  ('cd2e075d-e11f-4282-a66a-a0cbd3ba0496', '2e7c8bc4-232b-4423-9526-002fc27ed1d3', '東南科技大學', NULL, 'tnu', '1056', 78),
  ('3bdbe679-1b33-47c3-a3dc-4be8deea036c', '2e7c8bc4-232b-4423-9526-002fc27ed1d3', '東吳大學', NULL, 'scu', '1003', 36),
  ('52c1603f-6095-4048-a40a-ae37003d1cda', '3bc5798e-933e-4d46-a819-05f3fa060077', '東海大學', NULL, 'thu', '1001', 40),
  ('dab43f38-1df8-49d1-bde1-1976c7045c57', '72cbb430-f015-41b1-970a-86297bf3c904', '樹人醫護管理專科學校', NULL, 'szmc', '1284', 135),
  ('a0a17fc7-e21f-4084-b767-feb30b53a843', '72cbb430-f015-41b1-970a-86297bf3c904', '樹德科技大學', NULL, 'stu', '1026', 73),
  ('9af71cd7-c2d4-47d8-a413-7fcdf3963ad1', '72cbb430-f015-41b1-970a-86297bf3c904', '正修科技大學', NULL, 'csu', '1037', 74),
  ('d68f84ef-0be4-4482-916a-a443ae2d7e25', '2e7c8bc4-232b-4423-9526-002fc27ed1d3', '法鼓文理學院', NULL, 'dila', '1196', 105),
  ('900dbbb2-179f-4af9-87d3-5d31f66469a6', '2e7c8bc4-232b-4423-9526-002fc27ed1d3', '淡江大學', NULL, 'tku', '1005', 35),
  ('3fdf0998-c4ad-4528-9e7c-011981da90b0', '3d221404-0590-4cca-b553-1ab890f31267', '玄奘大學', NULL, 'hcu', '1039', 110),
  ('9b1fda38-9305-481b-a7e7-359a5bb5653b', '2e7c8bc4-232b-4423-9526-002fc27ed1d3', '真理大學', NULL, 'au', '1021', 109),
  ('be73e3b8-49d6-4371-8edf-b2e2ad27f65d', '2e3dfbb9-8c2a-4098-8c09-9213f55de6fc', '萬能科技大學', NULL, 'vnu', '1038', 82),
  ('70ccc236-4230-4bf5-9f5c-9a94b0cdde62', '695ee093-b887-4b6a-a90e-56b7e9a100aa', '美和科技大學', NULL, 'meiho', '1064', 89),
  ('a5263923-ef6a-44ac-837c-a3e495a6af9a', '72cbb430-f015-41b1-970a-86297bf3c904', '義守大學', NULL, 'isu', '1014', 62),
  ('811d8217-0ab5-4377-907d-efb934dea550', '2e7c8bc4-232b-4423-9526-002fc27ed1d3', '耕莘健康管理專科學校', NULL, 'ctcn', '1286', 136),
  ('cfb273c7-19d8-4667-a799-6eba01222d2b', '7d7f977f-6e87-4330-a3b5-52c7898c105c', '聖母醫護管理專科學校', NULL, 'smc', '1291', 137),
  ('cbf6923b-6e6c-40e4-911f-07e35d426a91', '2e7c8bc4-232b-4423-9526-002fc27ed1d3', '聖約翰科技大學', NULL, 'sju', '1044', 91),
  ('80e37906-7a46-4a60-93eb-40252eb825e8', '72cbb430-f015-41b1-970a-86297bf3c904', '育英醫護管理專科學校', NULL, 'yuhing', '1289', 138),
  ('db7a9b72-3bf4-49a2-8dd3-03044edbc41a', 'e66487d6-0f13-4504-9f24-453dc2e3dd15', '育達科技大學', NULL, 'ydu', '1063', 140),
  ('d7e0b968-95f0-4bfa-baa1-12d99eb18d1b', '2e7c8bc4-232b-4423-9526-002fc27ed1d3', '致理科技大學', NULL, 'chihlee', '1078', 70),
  ('b9a10d90-031a-4d7b-93f6-97e184e41e89', '2e7c8bc4-232b-4423-9526-002fc27ed1d3', '臺北城市科技大學', NULL, 'tpcu', '1071', 94),
  ('0d6faf9e-5741-44fc-ad47-45b9b65daae7', '2e7c8bc4-232b-4423-9526-002fc27ed1d3', '臺北基督學院', NULL, 'cct', '1R03', 141),
  ('fc50fd80-0ca8-4c56-843e-033dad9e61d5', '2e7c8bc4-232b-4423-9526-002fc27ed1d3', '臺北市立大學', NULL, 'utaipei', '3002', 28),
  ('c9ab4c7f-22a1-4efe-8e2b-bcc1b351a808', '2e7c8bc4-232b-4423-9526-002fc27ed1d3', '臺北醫學大學', NULL, 'tmu', '1028', 14),
  ('c695242c-7c96-4c16-9d2b-337e3b2f3b32', '2e7c8bc4-232b-4423-9526-002fc27ed1d3', '華夏科技大學', NULL, 'hwh', '1076', 95),
  ('1bb718b7-7dd2-4410-810b-9fe23c0ccb68', '2e7c8bc4-232b-4423-9526-002fc27ed1d3', '華梵大學', NULL, 'hfu', '1013', 108),
  ('17c07767-bc53-4743-9d6e-61bad2682b4f', '2e7c8bc4-232b-4423-9526-002fc27ed1d3', '輔仁大學', NULL, 'fju', '1002', 27),
  ('d4a437e1-df35-4d15-bd77-eeaf3956430a', '72cbb430-f015-41b1-970a-86297bf3c904', '輔英科技大學', NULL, 'fy', '1031', 86),
  ('bf7404df-b609-4f52-bd32-fe1dd301c3f6', '3bc5798e-933e-4d46-a819-05f3fa060077', '逢甲大學', NULL, 'fcu', '1007', 25),
  ('1e207b3c-6c65-4bb8-aff7-87d2ee847570', '2e7c8bc4-232b-4423-9526-002fc27ed1d3', '醒吾科技大學', NULL, 'hwu', '1073', 93),
  ('d32705de-20d9-4c5a-94f4-0e4e217164f2', '2e7c8bc4-232b-4423-9526-002fc27ed1d3', '銘傳大學', NULL, 'mcu', '1016', 44),
  ('6f0f93ff-d39a-4c47-a8db-a6f07cabfdbd', '2e3dfbb9-8c2a-4098-8c09-9213f55de6fc', '長庚大學', NULL, 'cgu', '1009', 20),
  ('915207d5-3cba-47b4-b9f4-c7a6cce66889', '2e3dfbb9-8c2a-4098-8c09-9213f55de6fc', '長庚科技大學', NULL, 'cgust', '1070', 127),
  ('a3434ac2-3c62-44c9-a6ef-ad7bb3304e10', '33a466b3-6d0b-4cd6-b197-9eaba2101853', '長榮大學', NULL, 'cjcu', '1033', 56),
  ('d29709e4-8012-414b-9ad6-8c4ac078a621', '2e3dfbb9-8c2a-4098-8c09-9213f55de6fc', '開南大學', NULL, 'knu', '1049', 111),
  ('d8a4ff85-e96e-4479-aa13-4f940301d357', '3bc5798e-933e-4d46-a819-05f3fa060077', '靜宜大學', NULL, 'pu', '1008', 48),
  ('59a65941-0652-4e8d-95d3-b1b5a41db28a', '2e7c8bc4-232b-4423-9526-002fc27ed1d3', '馬偕醫學院', NULL, 'mmc', '1195', 128),
  ('6acd0351-1bf8-40f5-b4c7-30cdc1171496', '2e7c8bc4-232b-4423-9526-002fc27ed1d3', '馬偕醫護管理專科學校', NULL, 'mkc', '1282', 139),
  ('0c386f60-a689-4ad3-82fc-d264ea2f6a8b', '72cbb430-f015-41b1-970a-86297bf3c904', '高雄市立空中大學', NULL, 'ouk', '3A01', 126),
  ('e422a7fe-a015-4ff2-b0ec-eefc3731a267', '72cbb430-f015-41b1-970a-86297bf3c904', '高雄醫學大學', NULL, 'kmu', '1019', 15),
  ('912581cc-4b73-4862-81bb-04273300c3d5', '2e7c8bc4-232b-4423-9526-002fc27ed1d3', '黎明技術學院', NULL, 'lit', '1183', 149),
  ('0dbfde62-3821-4239-b9e8-083b12ae37a4', '2e3dfbb9-8c2a-4098-8c09-9213f55de6fc', '龍華科技大學', NULL, 'lhu', '1030', 69)
ON CONFLICT (id) DO NOTHING;

-- -----------------------------------------------------------------------------
-- 3. university_email_domains (149 rows)
-- -----------------------------------------------------------------------------
INSERT INTO university_email_domains (id, university_id, domain) VALUES
  ('811a39e9-a1ab-453d-860d-fe08bb4451b7', 'c3e02ec3-9211-4053-bbf2-d2ffcc4ce11b', 'aeust.edu.tw'),
  ('11f8e3d4-e28b-4321-b9ac-2449712209fa', 'da5d4459-41ed-4d9c-b10a-a1f098eb5f3e', 'asia.edu.tw'),
  ('0e2e0d47-6f2e-4326-9152-65ca03c8aa88', '9b1fda38-9305-481b-a7e7-359a5bb5653b', 'au.edu.tw'),
  ('1fa2d94b-7644-419a-be28-e221e2a12b61', '0d6faf9e-5741-44fc-ad47-45b9b65daae7', 'cct.edu.tw'),
  ('57da4e04-eea0-47a9-8225-e150ce43fbc2', '6fdda64d-7f58-41e7-a05c-563c413831b8', 'ccu.edu.tw'),
  ('8851d7de-534d-42b6-af56-90e25631271a', '6f0f93ff-d39a-4c47-a8db-a6f07cabfdbd', 'cgu.edu.tw'),
  ('ad7601bc-9c3b-4e0e-97fd-66532ab2d262', '915207d5-3cba-47b4-b9f4-c7a6cce66889', 'cgust.edu.tw'),
  ('bedb7e4b-9c14-46a8-8f0c-ece8d89798a7', 'd7e0b968-95f0-4bfa-baa1-12d99eb18d1b', 'chihlee.edu.tw'),
  ('e33463f6-7b5c-4d62-b653-69690e58727f', '4ae33cf1-0561-4668-919b-36165f8c0a85', 'chu.edu.tw'),
  ('225602a6-187c-48d6-af37-ea83d93c1dbc', '8c7b4979-c359-4716-83a7-e9f356ed9935', 'cjc.edu.tw'),
  ('ebf806e8-c527-4898-94c2-0eaf3488cafc', 'a3434ac2-3c62-44c9-a6ef-ad7bb3304e10', 'cjcu.edu.tw'),
  ('7affec67-71a8-4b1f-8888-21d77868e382', '2f75b04a-1462-4b6d-91af-a036702e39d5', 'cmu.edu.tw'),
  ('25f786c5-2e59-489a-bf9b-e21e5e8a0834', 'b6380ac2-9bd7-4b5e-91f1-ed1ab61e5a65', 'cnu.edu.tw'),
  ('8ac1d998-d90d-4d7e-b828-2733af9734f5', 'aa049932-849b-4bab-83de-284721ae06e9', 'csmu.edu.tw'),
  ('827d7a9d-2703-4cb2-8caf-1c8631104018', '9af71cd7-c2d4-47d8-a413-7fcdf3963ad1', 'csu.edu.tw'),
  ('fbfe1e5a-adfe-401a-b2b2-6a062cccbec6', '6ce53ec1-7ac2-486b-b39a-540e0e4e0012', 'ctbc.edu.tw'),
  ('f33baf61-3270-4781-8568-efb4de3d492c', '0333cf30-c968-46e6-a39c-20498d1097e8', 'ctbctech.edu.tw'),
  ('f7c3a4c4-ff7a-480d-96f4-ed3e243add97', '811d8217-0ab5-4377-907d-efb934dea550', 'ctcn.edu.tw'),
  ('00882291-3005-42b9-aeb6-337e81a07ce2', '41e29701-cdf6-40fa-9f1c-213722272d3c', 'ctu.edu.tw'),
  ('790b03dc-b5e4-4388-b492-107d35000301', 'e4baf4c5-8984-4826-a172-9da85aad4eda', 'ctust.edu.tw'),
  ('79a9bc65-7603-40cd-a1be-1a3495a40a62', '4c1e23e4-51c1-4ebc-9ba1-edef7cf860f6', 'cufa.edu.tw'),
  ('f81a27fe-cae1-4be2-9c6d-eedb59a58b0a', '55472da0-421d-4df7-8a65-6458d6a6222c', 'cust.edu.tw'),
  ('ba1ffc90-bce0-48c4-8405-bf675e02bfce', '70eaebcf-8f48-4725-8c72-815b1ad2d21c', 'cute.edu.tw'),
  ('491b0775-ef83-4679-b2c5-6d2e8126e298', '2adfc873-995e-4d74-964f-d8c39ff9652d', 'cycu.edu.tw'),
  ('442e91c8-99fc-40a4-8be9-d01460bd6d79', 'e0576701-5605-4e7c-88b7-af6edc2f1869', 'cyut.edu.tw'),
  ('24f228d4-9ac3-47d5-887e-c531b781fe8c', '45229a51-2e94-4b46-ade2-869f54db00f0', 'dahan.edu.tw'),
  ('be4b9045-90b6-4c80-9934-acfe1ee27023', 'd68f84ef-0be4-4482-916a-a443ae2d7e25', 'dila.edu.tw'),
  ('f5fbed10-beef-4a43-90cc-c75a4c8dc527', '1c8cb358-1196-4154-8f8d-43801a05ec16', 'dyhu.edu.tw'),
  ('7f58445d-9062-4260-ae92-9ead0582a9bd', '84bc61af-1390-4ee0-9d85-5c360cbd1570', 'dyu.edu.tw'),
  ('1c973965-97ee-46ab-9971-b9c0539d61c1', 'bf7404df-b609-4f52-bd32-fe1dd301c3f6', 'fcu.edu.tw'),
  ('a0e51fb0-a752-4836-9281-94d3e1335b37', '9fab130f-5672-4ab9-8b42-8529f03c7289', 'fgu.edu.tw'),
  ('070f61cc-54f7-442f-ae70-ca65c4873b00', '17c07767-bc53-4743-9d6e-61bad2682b4f', 'fju.edu.tw'),
  ('6cd97667-4a73-4252-805b-42c1402c813a', 'd4a437e1-df35-4d15-bd77-eeaf3956430a', 'fy.edu.tw'),
  ('58dd8d55-0b41-42ab-9596-5a25efe53f10', '3fdf0998-c4ad-4528-9e7c-011981da90b0', 'hcu.edu.tw'),
  ('80d5152f-09a4-4e96-a22b-8ceaf4fc88f1', '657918aa-e110-4e00-8637-6d66537963c3', 'hdut.edu.tw'),
  ('81d60c82-be5f-4acf-9d09-83d6432741ba', '1bb718b7-7dd2-4410-810b-9fe23c0ccb68', 'hfu.edu.tw'),
  ('d26e56dc-7a23-4815-8f18-d90c294fa686', 'c727bb76-8905-4c45-baab-c8920f18b282', 'hk.edu.tw'),
  ('a055dacf-863d-4eed-9fd0-2d91545db9cd', '001d4904-7add-4b13-92e4-2f61ee3640b5', 'hsc.edu.tw'),
  ('7e13b5da-b476-49a3-8dbc-1d0ee1453443', 'a649e73c-e76f-4189-9681-3543eeda0743', 'hust.edu.tw'),
  ('b6161d68-d82b-4034-b8f1-749d7547280c', '18fa5c1d-de3a-4165-a8cc-ab8368817ce4', 'hwai.edu.tw'),
  ('11337548-b290-479d-8114-3e7af48f3b71', 'c695242c-7c96-4c16-9d2b-337e3b2f3b32', 'hwh.edu.tw'),
  ('32ffacc1-b40b-44c9-96db-e705545c524c', '1e207b3c-6c65-4bb8-aff7-87d2ee847570', 'hwu.edu.tw'),
  ('b6ed0a0e-4010-4eeb-949a-f5e48d6af27b', '9878eccb-303b-440e-b971-1fc474598938', 'iktc.edu.tw'),
  ('ec98169f-69f2-4c22-be62-7624114317e3', 'a340b7a4-42aa-45f9-944e-a1b184e77795', 'iktcds.edu.tw'),
  ('7af6c075-38c6-44e2-977d-17a989f0ddb0', 'a5263923-ef6a-44ac-837c-a3e495a6af9a', 'isu.edu.tw'),
  ('cccef86a-7a00-46c1-a18a-44e8ce2b5f38', '010989ca-b69e-46b4-996f-436012bde2ca', 'jente.edu.tw'),
  ('1bea3826-4c09-457d-86d1-e3e123b2366b', '196aab79-ad79-421d-a162-a549b63d9955', 'just.edu.tw'),
  ('1a9017c2-339a-4b9a-a490-ba37d08416ae', 'e422a7fe-a015-4ff2-b0ec-eefc3731a267', 'kmu.edu.tw'),
  ('dac7e45b-a89a-4bb0-b05a-25ff4b5212a0', 'd29709e4-8012-414b-9ad6-8c4ac078a621', 'knu.edu.tw'),
  ('77b3ebba-7de3-41bf-a9df-90e965a06005', 'a49f0ac2-0175-4a8a-a321-a5ea98a9366f', 'ksu.edu.tw'),
  ('ac481527-ecf9-4e3b-86b1-ef73132010df', '0dbfde62-3821-4239-b9e8-083b12ae37a4', 'lhu.edu.tw'),
  ('12b1806a-cab6-4257-bc68-a70e54a25316', '912581cc-4b73-4862-81bb-04273300c3d5', 'lit.edu.tw'),
  ('6c2f943e-2e6e-4044-be14-123b986fd221', '956db37b-6610-4261-ba51-28f0a1c1d916', 'ltu.edu.tw'),
  ('9e58c27c-8320-45e0-861d-c5586afd2872', 'd32705de-20d9-4c5a-94f4-0e4e217164f2', 'mcu.edu.tw'),
  ('c9a9737f-c825-4e34-bdda-83f4897e2773', 'a6fa8a63-d29f-4230-bb06-a5cce3151810', 'mcut.edu.tw'),
  ('8c411f3a-48ff-4347-b513-1e20fca78880', '70ccc236-4230-4bf5-9f5c-9a94b0cdde62', 'meiho.edu.tw'),
  ('135a7b3b-75ef-4ad3-99ee-1d11268ae436', '3737dfe6-97ab-46a7-9606-8eafeaf0f6cf', 'mhchcm.edu.tw'),
  ('7ed3c9b9-28de-4c4c-86a8-e692569d80a6', '911292a0-cabf-44fd-ad0e-598239f27088', 'mitust.edu.tw'),
  ('d2bc3286-4cc9-4582-95bd-fdd423728dbd', '6acd0351-1bf8-40f5-b4c7-30cdc1171496', 'mkc.edu.tw'),
  ('bd124860-04bc-4d28-96d0-568d1ce9f7ce', '59a65941-0652-4e8d-95d3-b1b5a41db28a', 'mmc.edu.tw'),
  ('b99579fe-f234-4960-af8f-2c8d5014e0ac', '5021b358-cd50-4515-9932-fedbfba910b0', 'must.edu.tw'),
  ('f72b8530-cd78-4fa5-8352-0fa0f5563891', 'c78ef57a-0427-4e1e-bad6-b46413ca2c07', 'nanya.edu.tw'),
  ('b47073df-38b7-488b-bf81-663dd93db7c5', '325945fb-6aad-49d3-a6f0-d2c13f4019bb', 'nccu.edu.tw'),
  ('43e8a7c4-7140-4d83-9208-edb8ac21b32f', '0b93dfcc-83e8-4fcc-8496-922a18620370', 'nchu.edu.tw'),
  ('0d5517df-9e14-4939-b6c0-31f71fa3470e', '57864e0a-4a43-421a-9c66-46f66ff6ecae', 'ncku.edu.tw'),
  ('375d0c70-9238-4aa5-bba8-637d7dfe7245', 'ef1d66b0-9c56-49cd-be4f-ee95a074da55', 'ncnu.edu.tw'),
  ('b297d11d-22e3-4e83-86a7-89f02f50ceac', 'de24997a-d9cd-4296-961d-2ee372e4ee56', 'ncu.edu.tw'),
  ('2aa1c6c9-6cfd-4552-8728-f0ce343702eb', '6a3cde70-f4a1-47e8-bede-f37e9e8cebda', 'ncue.edu.tw'),
  ('e655dc23-0f90-498e-8825-8438788048a3', 'c79680b8-9a36-4fe4-99db-181368b6924e', 'ncut.edu.tw'),
  ('0b3c2019-999a-4f7a-a09c-c4356f287523', '67efb218-b295-40c6-adac-7aa5edb4ae79', 'ncyu.edu.tw'),
  ('ea4a60ab-5221-4e49-9c21-fe98b0f95ac7', '983e15a2-9f2f-46a0-991b-21a64ee513ac', 'ndhu.edu.tw'),
  ('a800f1d9-f1fe-4df6-9877-0aa8c479f00f', '7d999950-1b4f-41fc-943f-b31158628e97', 'nfu.edu.tw'),
  ('14d11972-9fc7-48c6-b717-32ab46b35323', 'bc2ce936-411f-497e-9483-7478aa929c76', 'nhu.edu.tw'),
  ('a7f55a77-6ce1-4936-8abe-60ef434a86ac', '437df259-769f-41a7-a1df-474a07e838c0', 'niu.edu.tw'),
  ('1fbd1aa9-3e26-4aa6-b97e-88dbe052fad6', 'a54bcad0-c16d-41d4-859c-57155dee16ed', 'nknu.edu.tw'),
  ('b467254c-7b6a-4653-9608-15eb20f72662', '9a484bd3-7a02-41d1-8c78-44f1f77be6be', 'nkuht.edu.tw'),
  ('67d1c911-2011-4787-9620-eafaa0de8af6', '1730b794-2705-4349-986d-7c92c00535b9', 'nkust.edu.tw'),
  ('95b7b48f-002e-4521-9664-5dc1fe559d29', '74181541-6e61-44fd-91a8-e01eb9e1fbd4', 'nkut.edu.tw'),
  ('31a82d9b-a82a-4618-a2c8-8ceb8989da0c', '4a8e61f0-2090-49e1-88e3-ac662c538a2c', 'nou.edu.tw'),
  ('6d51cde2-e135-4001-9c31-61bcb73fcc28', 'b8dae577-2db3-4ce4-a6f8-07f34243235e', 'nptu.edu.tw'),
  ('2a3443a4-c07b-418a-9dc0-5159325a25bd', 'aba361a1-4bd4-4e51-99d2-a0568305e00e', 'npu.edu.tw'),
  ('16ee1d6f-0fe4-4ce3-b68c-db44f0a71944', '5dec3514-9674-4afc-98e7-03bc4ba2e09c', 'npust.edu.tw'),
  ('42bf1ceb-0783-4e3d-bbd0-7f8032e32fc6', '1f901217-99d4-4d2c-8d4f-ac20d4c23097', 'nqu.edu.tw'),
  ('a33a6312-a388-41d3-b9fe-f4e3ea4ad532', '2c321445-c4b5-4319-ac45-5a67f86f6384', 'nsysu.edu.tw'),
  ('fa116ab1-c554-49dd-aef3-8b8319f17d45', 'e9d05ab2-26a1-48f0-b8c7-f1ed9509a8ef', 'ntc.edu.tw'),
  ('4c034d24-f921-4fd6-bb3e-103f01ce93b0', 'bf8b6c85-68c0-4d4b-8fea-5dadda2d8e62', 'ntcu.edu.tw'),
  ('c7472e40-f79f-4900-a1a4-4a01ab5a53d8', '1105a739-0dae-4cd7-b15f-cd247b24bc85', 'nthu.edu.tw'),
  ('4233144b-3d09-4218-9423-c361c2f78f8e', 'c60958fb-ac71-4fc0-8892-df939ab20cf1', 'ntin.edu.tw'),
  ('d4772f58-b145-460f-af30-3ba04a1238eb', '3bdcb188-64e2-4bd3-9e42-37ce18b0ce4b', 'ntnu.edu.tw'),
  ('2f7775cc-d3b9-48a2-901f-6fd28ce72ecd', '6c38d241-1fa1-4641-b02d-6ab5b29502ad', 'ntou.edu.tw'),
  ('d2c1bd85-794f-475a-9b1c-a7e8e1e4b6a1', '08e4135c-4016-4f49-adb3-f437ee91953d', 'ntpu.edu.tw'),
  ('46d54b24-cb86-4c69-afce-536b8e07297f', 'e9057778-863a-41a3-8a49-9dac0418bea3', 'ntsu.edu.tw'),
  ('7d87a5c5-1c7b-4b82-a514-8a1a11b373f8', '5cc4c054-b1b2-4b7c-9ffc-889cd7b1e565', 'nttu.edu.tw'),
  ('35e61ec3-fcf5-49ea-a6ac-ef2d043abefe', '1d941b0a-0ff3-42b5-8702-f9b0b3c2be76', 'ntu.edu.tw'),
  ('f2b8b8a6-8fc3-462d-95db-27ee34af8056', 'b03eeb85-1d76-42d6-81c6-64a1efe213c3', 'ntua.edu.tw'),
  ('ac1ca132-db3e-4c93-a087-3db212491d61', 'b156afbb-700c-4845-ab2f-dd24461a4b33', 'ntub.edu.tw'),
  ('1cdebfa3-2366-4622-90ea-bc8d810cc1a6', '18476774-edb7-4bef-b2a9-1a258036bd2a', 'ntue.edu.tw'),
  ('3a284023-84a5-43c4-b435-47ebfa9672a4', '32ed7c81-8c37-4461-baa4-a2b53c5bdee1', 'ntunhs.edu.tw'),
  ('dc355b05-0b8b-4fa4-a89c-7259c40d0e7f', '507be3ae-aa7c-4c5e-b128-0440773652ed', 'ntus.edu.tw'),
  ('cef2d45d-534e-4025-932f-52fc3d5f6315', 'f9c76427-6361-4c34-a291-445760f871b0', 'ntust.edu.tw'),
  ('5b95e7dc-baf4-4bea-8eb1-46a2fffd6bde', '32c05ae4-61a5-49d8-b872-198a534f70dd', 'ntut.edu.tw'),
  ('430d1d38-8b46-4395-b7e1-bc93d9df0b1c', '4ba79d22-c439-437c-a4a1-65951ecdf2a2', 'nuk.edu.tw'),
  ('4d5f6255-6f3b-45ce-850e-a6be7fdf8c06', 'e390a9ff-6d10-452c-8793-049cf1558118', 'nutc.edu.tw'),
  ('9c409fdb-d3ee-4199-b857-7070dcfb6784', '9a9ea759-1a65-4624-a034-715417ed985b', 'nutn.edu.tw'),
  ('6bde217e-6020-4745-8695-c2df56de6002', 'a27f9935-cbe8-4518-899c-142147783ba6', 'nuu.edu.tw'),
  ('37d1dcfc-1daa-4931-b615-9937823260ff', 'f1588456-3ec1-48e9-86be-db92030d9b0f', 'nycu.edu.tw'),
  ('9ed20ffe-313e-49ae-8df2-c723596f4809', '79057a86-919e-4caf-84cb-34e59924e53f', 'ocu.edu.tw'),
  ('057f4706-13df-4107-8d31-ba6683fb2456', '0c386f60-a689-4ad3-82fc-d264ea2f6a8b', 'ouk.edu.tw'),
  ('7ac41364-5650-4ad0-b8ed-b98ea8c20d71', '9a66a4ca-269a-47a3-9124-c575efd2d8dc', 'pccu.edu.tw'),
  ('498a09bd-7c66-4ee1-9621-88415c0266c0', 'd8a4ff85-e96e-4479-aa13-4f940301d357', 'pu.edu.tw'),
  ('e83703b4-0c8e-4d60-bfd8-0c45f0c3983a', '3bdbe679-1b33-47c3-a3dc-4be8deea036c', 'scu.edu.tw'),
  ('2c3764ad-a8c3-468c-8c39-b88c1757f740', 'e0337c2d-3ed5-4918-953f-ce46bd5658c2', 'shu.edu.tw'),
  ('603fb9c0-027e-4285-a8c7-2fe5646afb62', 'cbf6923b-6e6c-40e4-911f-07e35d426a91', 'sju.edu.tw'),
  ('8bd083ce-e9a2-4af7-818b-5d5bfb7db02c', 'cfb273c7-19d8-4667-a799-6eba01222d2b', 'smc.edu.tw'),
  ('0d1423f1-dda7-482f-939e-e4e0739bb531', 'a0a17fc7-e21f-4084-b767-feb30b53a843', 'stu.edu.tw'),
  ('42671fd8-261c-4594-8438-524bb0a12764', '8e067470-246c-433d-80a5-fb0f52177d97', 'stust.edu.tw'),
  ('be9e092b-a292-4632-a334-3834369c9d75', 'dab43f38-1df8-49d1-bde1-1976c7045c57', 'szmc.edu.tw'),
  ('67f28d8f-4c56-4d82-bff0-82c3a4990d1a', 'fbc36f8c-25c7-48ee-bbd2-5cbe4ac2e63d', 'tajen.edu.tw'),
  ('0dff76f5-bfcd-431a-bfcb-b82ef38fd29c', 'c98201fa-6127-4789-ba2f-38851a7a2e5d', 'takming.edu.tw'),
  ('3fe5b954-68f9-4a87-852f-c910f6e6cb0c', '35562818-8052-4d3f-b304-224a7f319a74', 'tbts.edu.tw'),
  ('6289fc31-c9f2-47b5-8c29-3229bd2f7272', '031d1d77-a3f7-40c7-a42f-0c7c7a3bef62', 'tcpa.edu.tw'),
  ('6e439824-2f0f-4e18-a5fc-695fd2f638eb', '8a24fd18-5fcb-4999-9c81-e03a77f6973c', 'tcu.edu.tw'),
  ('3fbd6a15-11c1-40b4-8808-bf7accac415b', '66929be3-f264-4226-9461-d8ea35732070', 'tgst.edu.tw'),
  ('8c32e79a-4d5b-4bd8-b56d-d89289b0a5da', '52c1603f-6095-4048-a40a-ae37003d1cda', 'thu.edu.tw'),
  ('23f05064-af50-4b82-a70f-f9c166eba2cd', '900dbbb2-179f-4af9-87d3-5d31f66469a6', 'tku.edu.tw'),
  ('8c6bde60-22f7-4c5f-b97a-a40073eee24b', 'c9ab4c7f-22a1-4efe-8e2b-bcc1b351a808', 'tmu.edu.tw'),
  ('d58dff3d-b54d-4289-a01d-b982a91e0250', 'b6dac6b2-5e4c-4f88-b1ad-4330f1dac003', 'tnnua.edu.tw'),
  ('6b550450-99f4-4444-8067-9e29837a8211', 'cd2e075d-e11f-4282-a66a-a0cbd3ba0496', 'tnu.edu.tw'),
  ('a88c571b-ce2e-4667-9aba-dfab87b98147', 'ea89b4e7-0df2-4c61-9db3-57424b21673c', 'tnua.edu.tw'),
  ('2cf7e2c3-5669-433d-a055-c5a1b2d27831', 'b9a10d90-031a-4d7b-93f6-97e184e41e89', 'tpcu.edu.tw'),
  ('6e280da8-94a3-45f6-a781-bb2f1f0be8f4', '3cb01e27-22dd-4533-ae2c-0055fdbb72e5', 'tsust.edu.tw'),
  ('b4dde831-7e53-4d92-860c-9ddc92f8d656', '934a3b94-2112-4f9f-bdbc-33b38f4a0792', 'ttcs.edu.tw'),
  ('78d5f49d-af49-469a-bf84-9ea4e51dd9d6', '4050d91c-1fca-420b-9d08-71b86c1a89dd', 'ttu.edu.tw'),
  ('fc53bc8d-53eb-410a-bf08-3ea085e7b63a', 'a7dfa519-6850-46ae-93b9-2c14b901b579', 'tumt.edu.tw'),
  ('c4b7e529-9917-4765-be1d-68f8b1a85a0e', '87ce96f7-aa26-41d9-8878-b887b338c8cd', 'tut.edu.tw'),
  ('243f1c8c-f7a4-4f9b-b518-c7d032591879', 'e46ec4d9-d73b-44ef-adb3-8a3007cfec19', 'tzuhui.edu.tw'),
  ('a04d8765-28ba-4d6c-b8c0-2cd35d107a60', 'cfae151c-25d2-4765-b44e-f587e8b8259e', 'uch.edu.tw'),
  ('4b6bf421-b6be-4e46-97d2-59ffb583d4f3', '17552e22-211c-4fc8-9ed3-9ecce665ac2f', 'ukn.edu.tw'),
  ('fd56a941-321d-4f54-bef0-2dc33283522f', '75591230-d083-4010-9291-a3afc857affb', 'usc.edu.tw'),
  ('628b7360-4faf-45d5-b0e2-5186877bce54', 'fc50fd80-0ca8-4c56-843e-033dad9e61d5', 'utaipei.edu.tw'),
  ('7cdd617a-c303-4140-9a38-ddc42a95a797', 'be73e3b8-49d6-4371-8edf-b2e2ad27f65d', 'vnu.edu.tw'),
  ('928fb421-22d6-46a8-b758-bfa5e64e3ce5', 'a59343a7-6a46-4687-ae3c-539470a62e20', 'wfu.edu.tw'),
  ('c0c3f67a-3c12-470d-bd17-419026e2fae3', '6be291df-947d-4f25-959e-a8d3212552a6', 'wxsjc.edu.tw'),
  ('a02584da-be5a-4be5-af12-f3eb532515c9', '1aadfd2d-9d18-4eae-9e28-77cdc6f9096c', 'wzu.edu.tw'),
  ('a541a527-810f-47ce-9e59-c7675e3bf9f5', 'db7a9b72-3bf4-49a2-8dd3-03044edbc41a', 'ydu.edu.tw'),
  ('d6e1bcb2-deff-4690-9390-50a7131d280c', 'f2afa3cd-fde5-4321-b59a-89db065f17cf', 'ypu.edu.tw'),
  ('e2f3794b-6d1f-4779-afaf-1827304cd6d2', '80e37906-7a46-4a60-93eb-40252eb825e8', 'yuhing.edu.tw'),
  ('6d6c8982-8ee0-4b12-bf34-cf4a2c106ac9', '5c4fc823-ac1b-4cbc-9b6b-807de2cfd2ee', 'yuntech.edu.tw'),
  ('47a35f7b-673a-4653-bfb1-fcd2a9db9475', '6fda648e-7b39-4c6d-98ac-a8a81b6e3d22', 'yzu.edu.tw')
ON CONFLICT (id) DO NOTHING;

-- -----------------------------------------------------------------------------
-- 4. products (6 rows)
-- -----------------------------------------------------------------------------
INSERT INTO products (id, ticket_type, pack_size, price_twd, unit_price_twd, percent_off, title, is_active) VALUES
  ('c782d317-3a5c-457f-88e9-62b867002bc9', 'study', 1, 199, 199, 0, '1張 Focused Study 票', true),
  ('b9a16908-4cfd-4f89-a4be-acb7ceccab4e', 'study', 3, 447, 149, 25, '3張 Focused Study 票', true),
  ('b960800b-0a9e-4bcd-bf47-059c2f0f5f13', 'study', 10, 990, 99, 50, '10張 Focused Study 票', true),
  ('f596d676-2982-4e32-a474-b535fba8aff1', 'games', 1, 299, 299, 0, '1張 English Games 票', true),
  ('5568f0c8-5ee8-4e73-be34-b65e8b2fb892', 'games', 3, 717, 239, 20, '3張 English Games 票', true),
  ('fdf974cd-9b6f-46ef-a7eb-affbf4d51143', 'games', 10, 1490, 149, 40, '10張 English Games 票', true)
ON CONFLICT (id) DO NOTHING;
